"pctile","GEI","EPAplay","pass_success","rush_success","early_down_success","early_down_EPA","late_down_success","success","yardsplay","dropbacks","rushes","EPAdropback","EPArush","yardsdropback","pass_explosive","rush_explosive","explosive","third_down_success","red_zone_success","play_stuffed","nonExplosiveEpaPerPlay","havoc","yardsrush","lineyards","opportunity_run","third_down_distance"
0.01,1.17080308787926,-0.502440549567582,0.0301403985507246,0.0446135986733002,0.185624461670973,-0.545157789760548,0.1,0.223709090909091,2.55192389006343,8,14,-0.888199439443833,-0.658809523183312,0.8927969348659,0,0,0.0142857142857143,0.0833333333333333,0,0.119335593220339,-0.762024700595587,0.00599999999999998,1.930675,0.294015873015873,0,4
0.02,1.34440866192151,-0.454382222987163,0.0526315789473684,0.0579710144927536,0.214313725490196,-0.460667071674392,0.166666666666667,0.25,3.01641645096347,12.02,16,-0.774633474439848,-0.543023422915852,1.51268359643102,0,0,0.0169549970777323,0.133523809523809,0,0.150030303030303,-0.719869649314887,0.0144927536231884,2.24833333333333,0.481335294117647,0,4.27352272727273
0.03,1.41029183569529,-0.416727727348505,0.0647381650607457,0.0689244540892446,0.233709219858156,-0.414992958280894,0.179304812834225,0.258129571577847,3.29108783239323,14,16,-0.698588582478372,-0.497376657459857,2.08529100529101,0,0,0.0232558139534884,0.153846153846154,0,0.161290322580645,-0.674902434608638,0.0166666666666667,2.41176470588235,0.599125,0,4.53605128205128
0.04,1.52447928241921,-0.388878061642989,0.0746417910447761,0.0769230769230769,0.25,-0.383280450805147,0.2,0.269255189255189,3.44370591157476,16,18,-0.644574418662517,-0.453261658234384,2.39242636746143,0,0,0.0274124809741248,0.176470588235294,0,0.166746987951807,-0.647082289368318,0.0225142101784534,2.57142857142857,0.719208034433285,0.0406090597639893,4.71428571428571
0.05,1.61862549880472,-0.36302627740963,0.0833333333333333,0.0823198198198198,0.258306878306878,-0.36235804679852,0.214285714285714,0.275503095975232,3.59017857142857,17,19,-0.606897951287993,-0.430916812327522,2.59590909090909,0,0,0.0298507462686567,0.1875,0,0.173536789297659,-0.630193006518417,0.0265087719298246,2.67252252252252,0.79020202020202,0.0612244897959184,4.87125
0.06,1.70216214405294,-0.345351912379081,0.0909090909090909,0.0870022883295195,0.265387755102041,-0.344296514598925,0.222222222222222,0.283333333333333,3.71466386554622,18,19,-0.568009115000427,-0.39658395838906,2.81406364749082,0.0117731092436975,0,0.0327868852459016,0.2,0.0833333333333333,0.180341530054645,-0.612439802293133,0.0303030303030303,2.78916666666667,0.848615263571991,0.073562091503268,5
0.07,1.80211931430928,-0.320600902958868,0.0943396226415094,0.0923076923076923,0.272064714946071,-0.32987076409024,0.235294117647059,0.290291866028708,3.82142699926632,19.57,20,-0.535571721342316,-0.376122023327024,3,0.012987012987013,0,0.0357142857142857,0.214285714285714,0.111111111111111,0.185185185185185,-0.588878211387238,0.032258064516129,2.94444444444444,0.9,0.0904079254079254,5.0625
0.08,1.9027229598161,-0.306771545199094,0.100135593220339,0.0961723818350324,0.276595744680851,-0.309039783904177,0.25,0.296875,3.92026272577997,20,20,-0.515298494429064,-0.353829007196122,3.16053333333333,0.0138888888888889,0,0.0377549558156198,0.230769230769231,0.134476190476191,0.1905189941145,-0.574621325395475,0.0344827586206897,3.05391812865497,0.956795031055901,0.101149649894154,5.07692307692308
0.09,2.03767418313948,-0.284535014623659,0.107692307692308,0.0994938271604938,0.282051282051282,-0.289201699976242,0.25,0.301764001197963,4.00808219178082,21,21,-0.480221500862276,-0.338212059007765,3.2807375,0.0140845070422535,0,0.04,0.230769230769231,0.142857142857143,0.19709560392659,-0.553299200331544,0.0382619279454723,3.18604166666667,0.99685,0.109501284246575,5.16666666666667
0.1,2.13440764057718,-0.275885339502221,0.113701298701299,0.105342902711324,0.288504273504273,-0.27728564929493,0.263157894736842,0.30647311827957,4.09549689440994,21,21,-0.466041499629106,-0.312424844557275,3.45833333333333,0.0142857142857143,0,0.0416666666666667,0.25,0.166666666666667,0.2,-0.540543034098567,0.04,3.24694736842105,1.03397849462366,0.116688311688312,5.21428571428571
0.11,2.25951945395595,-0.257454424376259,0.117647058823529,0.111111111111111,0.292682926829268,-0.266372594288344,0.266666666666667,0.310810810810811,4.19578378378378,22,21,-0.437375207833634,-0.296905013591652,3.6024154589372,0.0147058823529412,0,0.0428571428571429,0.25,0.166666666666667,0.206167133520075,-0.529181392645491,0.0422535211267606,3.32505376344086,1.06495555555556,0.12280701754386,5.28571428571429
0.12,2.3454040786622,-0.243639773132557,0.121261261261261,0.115942028985507,0.297872340425532,-0.255174300784327,0.272727272727273,0.314285714285714,4.2552,22,22,-0.406692914799488,-0.283480515907461,3.72336043360434,0.0151515151515152,0,0.0444444444444444,0.25,0.181818181818182,0.209701314217443,-0.522737463095265,0.0441176470588235,3.38153846153846,1.1048504398827,0.126984126984127,5.33333333333333
0.13,2.45207749414946,-0.235058274926606,0.125,0.118898305084746,0.302163229486617,-0.245672632867574,0.285714285714286,0.317914862914863,4.33586345381526,23,22,-0.389677955448636,-0.270693822361908,3.83333333333333,0.0155360576923077,0.0100919377652051,0.0458951048951049,0.25,0.198285714285714,0.214285714285714,-0.512853922955749,0.0461538461538462,3.4375,1.14414705882353,0.130434782608696,5.4
0.14,2.54883398331956,-0.226192624414518,0.127272727272727,0.121212121212121,0.306168531928901,-0.239128175134559,0.285714285714286,0.321428571428571,4.40845070422535,23,23,-0.373946768309833,-0.258242995308498,3.92675084175084,0.0161660497091486,0.0123456790123457,0.0469007352941176,0.266666666666667,0.2,0.217469342251951,-0.499934525051155,0.0476190476190476,3.48726640591047,1.16666666666667,0.132547332185886,5.45552447552448
0.15,2.62804136018063,-0.217105580552333,0.129032258064516,0.123287671232877,0.310344827586207,-0.230534255743734,0.294117647058824,0.324324324324324,4.46153846153846,23,23,-0.364788997291745,-0.249596057910079,4,0.0169491525423729,0.0128205128205128,0.0483870967741935,0.272727272727273,0.2,0.220588235294118,-0.49252759711795,0.0493827160493827,3.53846153846154,1.19184444444444,0.136986301369863,5.52941176470588
0.16,2.66384257961928,-0.204799226439455,0.132381289865344,0.126760563380282,0.314814814814815,-0.223412989005876,0.3,0.328125,4.50753849798626,24,24,-0.346516650717062,-0.242026567337398,4.14006644518272,0.0175438596491228,0.0131578947368421,0.05,0.272727272727273,0.2,0.224194229415904,-0.48399922893672,0.0526315789473684,3.60624040920716,1.22195555555556,0.140873961719032,5.57142857142857
0.17,2.73696098117183,-0.19904011869902,0.134520665901263,0.128205128205128,0.319148936170213,-0.213035204667219,0.307692307692308,0.333333333333333,4.5478431372549,24,24,-0.327551898205598,-0.233139601692105,4.22727272727273,0.0188679245283019,0.0135135135135135,0.0512820512820513,0.283095238095238,0.222222222222222,0.22780701754386,-0.477539202964956,0.0540540540540541,3.65255656108597,1.238625,0.144927536231884,5.625
0.18,2.80011978667888,-0.191172323809885,0.138538461538462,0.131147540983607,0.322132312739202,-0.204709123360798,0.307692307692308,0.333333333333333,4.61472756410256,24,24,-0.309977249322279,-0.222453238659453,4.31850909090909,0.0217391304347826,0.0136986301369863,0.051948051948052,0.285714285714286,0.224848484848485,0.230769230769231,-0.468825039414011,0.0555555555555556,3.70195286195286,1.26345523809524,0.148993331216259,5.68480263157895
0.19,2.92103657164492,-0.183944728710015,0.141025641025641,0.133894308943089,0.325,-0.194010049936774,0.3125,0.338028169014085,4.66383561643836,25,25,-0.2928315641603,-0.215154131878109,4.37356481481481,0.0232558139534884,0.0140845070422535,0.0533333333333333,0.294117647058824,0.25,0.232876712328767,-0.461752796984954,0.0563380281690141,3.75827586206897,1.29694778325123,0.152542372881356,5.76014705882353
0.2,3.02612342668631,-0.176222533046231,0.144578313253012,0.136488169364882,0.326086956521739,-0.186181076485507,0.315789473684211,0.338983050847458,4.71495798319328,25,25,-0.283168008097706,-0.208501226101665,4.43205456095482,0.0246913580246914,0.0142857142857143,0.0545454545454545,0.3,0.25,0.235294117647059,-0.455989857519827,0.0579710144927536,3.8,1.32361904761905,0.156325301204819,5.8125
0.21,3.09214430350427,-0.167772669728885,0.147058823529412,0.138888888888889,0.327495297805643,-0.179311267289708,0.333333333333333,0.342743639921722,4.76535845588235,25,26,-0.270361699531824,-0.197313906447488,4.52552222222222,0.0256410256410256,0.0144927536231884,0.0549013999698931,0.307692307692308,0.25,0.238756784260516,-0.444414009295011,0.059489627534182,3.83333333333333,1.34782095238095,0.158350449293967,5.85395604395604
0.22,3.12939268861202,-0.157788175601066,0.15,0.141086956521739,0.333333333333333,-0.170286501267044,0.333333333333333,0.345454545454545,4.80730812013348,26,26,-0.261284454262651,-0.18729815028219,4.58622641509434,0.0263157894736842,0.0147058823529412,0.0566037735849057,0.307692307692308,0.25,0.241935483870968,-0.439034402552403,0.0606873614190687,3.86894736842105,1.37081034482759,0.161290322580645,5.9
0.23,3.23217089005406,-0.150785794824168,0.152542372881356,0.144578313253012,0.333333333333333,-0.166479987320575,0.333333333333333,0.348484848484849,4.85003211789155,26,26,-0.246680526445603,-0.181334703857049,4.64705882352941,0.027027027027027,0.0151515151515152,0.0574712643678161,0.307692307692308,0.263157894736842,0.243243243243243,-0.433024967307661,0.0617283950617284,3.90735795454545,1.38608571428571,0.164328358208955,5.92708791208791
0.24,3.30697077345636,-0.142142983071304,0.154929577464789,0.145833333333333,0.339366576819407,-0.158438218889404,0.333333333333333,0.351351351351351,4.88715129486597,26,27,-0.236963898254864,-0.172180077313251,4.71078341013825,0.0277777777777778,0.0153846153846154,0.0588235294117647,0.3125,0.272727272727273,0.245901639344262,-0.426431749702102,0.0634920634920635,3.94384555984556,1.4,0.166666666666667,6
0.25,3.3865685189363,-0.134951669196256,0.15625,0.147540983606557,0.340425531914894,-0.150399058132126,0.333333333333333,0.354086538461538,4.93526785714286,27,27,-0.228637955351089,-0.165392111384564,4.76923076923077,0.0285714285714286,0.015625,0.0593487394957983,0.315789473684211,0.285714285714286,0.25,-0.420594921193591,0.0657894736842105,4,1.42098214285714,0.169014084507042,6.05800653594771
0.26,3.48330567899841,-0.130255159033956,0.157894736842105,0.149298335906674,0.342105263157895,-0.141829100767382,0.347826086956522,0.357142857142857,4.95695294117647,27,27,-0.218160960222118,-0.159634614596306,4.83032520325203,0.0289855072463768,0.0158730158730159,0.06,0.333333333333333,0.285714285714286,0.25,-0.412403568965234,0.0679777107035059,4.02657894736842,1.44427647058824,0.171428571428571,6.09090909090909
0.27,3.53396712667601,-0.123833434481559,0.16055,0.151515151515152,0.345454545454545,-0.136210897819715,0.352264705882353,0.359375,5,27,28,-0.205235376538694,-0.150671695097844,4.90108494533221,0.0294117647058824,0.0161290322580645,0.0606060606060606,0.333333333333333,0.3,0.253682993483288,-0.406300651358497,0.0694444444444444,4.08628935532234,1.45470545454545,0.174603174603175,6.15131868131868
0.28,3.5906860665709,-0.120151865968951,0.163636363636364,0.153061224489796,0.346938775510204,-0.13171791549474,0.352941176470588,0.362994652406417,5.02761335134092,27,28,-0.195905472085432,-0.136828443458207,4.95584415584416,0.0303030303030303,0.0166666666666667,0.0615384615384615,0.333333333333333,0.3,0.256864864864865,-0.400631460831977,0.0704225352112676,4.125,1.47228070175439,0.177272356063699,6.1875
0.29,3.70423736647776,-0.115578822930307,0.164808015513898,0.155475095785441,0.35,-0.124016894945935,0.357142857142857,0.365320512820513,5.04901234567901,28,28,-0.186221978520963,-0.127935643890755,5.03969086021505,0.0303030303030303,0.0169491525423729,0.0631578947368421,0.333333333333333,0.300260869565218,0.260216438356164,-0.394902500008365,0.0714285714285714,4.14285714285714,1.4846032388664,0.180327868852459,6.23434389140272
0.3,3.79460664335697,-0.108115590444391,0.168674698795181,0.157894736842105,0.354166666666667,-0.115501946557317,0.357142857142857,0.367879256965944,5.08000614250614,28,28,-0.17662028846979,-0.120517809418581,5.08333333333333,0.0310804263565891,0.0175438596491228,0.0634920634920635,0.333333333333333,0.307692307692308,0.2625,-0.389474572560351,0.072463768115942,4.17632352941177,1.50257142857143,0.182978357952594,6.27424242424242
0.31,3.87811476959618,-0.102752338840709,0.169811320754717,0.16,0.356912832929782,-0.108073804277399,0.363636363636364,0.369565217391304,5.1120488556338,28,29,-0.16903981264016,-0.113311191813756,5.12405,0.0317460317460317,0.0185185185185185,0.0652173913043478,0.333333333333333,0.316602870813397,0.264641649763354,-0.383249227733188,0.0735294117647059,4.21621621621622,1.51789743589744,0.185714285714286,6.30769230769231
0.32,3.9114292050721,-0.0941259960036781,0.171428571428571,0.161891891891892,0.358490566037736,-0.100528746799656,0.368421052631579,0.371890280262373,5.14631191866753,28,29,-0.161862878107581,-0.105792920775253,5.19622222222222,0.032258064516129,0.0196078431372549,0.0657894736842105,0.352941176470588,0.333333333333333,0.26749426793318,-0.377824881772409,0.0750860215053763,4.258972520908,1.53445689655172,0.187735294117647,6.33333333333333
0.33,3.99597123013334,-0.0859804129552651,0.172413793103448,0.164179104477612,0.36,-0.092494405175874,0.370038986354776,0.373333333333333,5.17349068322981,29,29,-0.144055282872647,-0.0986318966786779,5.26666666666667,0.0327868852459016,0.0208333333333333,0.0666666666666667,0.357142857142857,0.333333333333333,0.269589455488332,-0.372379605224532,0.0769230769230769,4.28475155279503,1.54761904761905,0.19047619047619,6.36253246753247
0.34,4.12773046315789,-0.0822440108059535,0.173913043478261,0.166666666666667,0.363636363636364,-0.0874140613928708,0.375,0.376811594202899,5.20942985746437,29,30,-0.135297414500411,-0.0921261155655823,5.32821705426357,0.0333333333333333,0.0227384374183434,0.0677966101694915,0.357142857142857,0.333333333333333,0.272727272727273,-0.364972398576835,0.0779220779220779,4.31360714285714,1.55863725490196,0.193712084737602,6.41176470588235
0.35,4.1529313276834,-0.0746232017387053,0.175675675675676,0.168787392382898,0.365384615384615,-0.080033010905669,0.375,0.378378378378378,5.2547619047619,29,30,-0.124761606411223,-0.0850027161208626,5.375,0.0344827586206897,0.0238095238095238,0.0689655172413793,0.362662337662338,0.333333333333333,0.275307971014493,-0.360641996187624,0.0789473684210526,4.35555555555556,1.56709302325581,0.197183098591549,6.44444444444444
0.36,4.25345166970545,-0.067188961935004,0.177777777777778,0.171052631578947,0.36883295194508,-0.0752348098899523,0.384615384615385,0.380952380952381,5.28,29,30,-0.117919877021538,-0.0782904804656842,5.45191836734694,0.0348837209302326,0.0246913580246914,0.0699143206854345,0.363636363636364,0.333333333333333,0.276923076923077,-0.356587485131786,0.08,4.38461538461539,1.58085714285714,0.2,6.46666666666667
0.37,4.3061620991887,-0.0635586072649223,0.180327868852459,0.172413793103448,0.371428571428571,-0.0702838376468056,0.384615384615385,0.382352941176471,5.31340945873044,30,30,-0.108207362597943,-0.0705583038271292,5.5169696969697,0.0357142857142857,0.0256410256410256,0.0705666942833471,0.368421052631579,0.333333333333333,0.279367305061559,-0.350780303559154,0.0813953488372093,4.40740740740741,1.597253003003,0.2,6.5
0.38,4.34178526951464,-0.059227191161525,0.183098591549296,0.17466173524426,0.372881355932203,-0.0648969817447399,0.386239316239316,0.384615384615385,5.34030647782679,30,30,-0.102069328303096,-0.0605247842184545,5.5751566951567,0.0363636363636364,0.0261038961038961,0.0714285714285714,0.375,0.347826086956522,0.28169014084507,-0.345608061967831,0.0833333333333333,4.4404,1.61012393162393,0.203389830508475,6.54111888111888
0.39,4.40768588892678,-0.0551743047550833,0.184210526315789,0.17741935483871,0.377023045854122,-0.0586391664017215,0.388888888888889,0.385714285714286,5.38888888888889,30,30,-0.0917909269888744,-0.0548177260718791,5.64214285714286,0.037037037037037,0.0266280701754386,0.072463768115942,0.375,0.357142857142857,0.283783783783784,-0.34081709947965,0.0845070422535211,4.46772549019608,1.62873214285714,0.206349206349206,6.57894736842105
0.4,4.53088662303514,-0.0467689179024651,0.185714285714286,0.179692307692308,0.378378378378378,-0.0508509798935495,0.4,0.388059701492537,5.41269841269841,30,31,-0.0830263263582993,-0.0486619529512906,5.69027777777778,0.0384615384615385,0.0271751203258053,0.0727272727272727,0.384615384615385,0.363636363636364,0.285714285714286,-0.334923988166068,0.0857142857142857,4.51724137931035,1.64055743243243,0.208333333333333,6.60615384615385
0.41,4.57779567715127,-0.0390801077111469,0.1875,0.181818181818182,0.380952380952381,-0.045559206743507,0.4,0.390625,5.44107058823529,30.9100000000001,31,-0.0766260561884447,-0.0423706837819481,5.74959090909091,0.0392156862745098,0.0277435312024353,0.0735294117647059,0.384615384615385,0.363636363636364,0.287878787878788,-0.328013437982082,0.0869082125603865,4.54893887945671,1.66099322493225,0.212068764568765,6.64285714285714
0.42,4.68354470650447,-0.031474244835326,0.188679245283019,0.184210526315789,0.383333333333333,-0.0398348366148413,0.4,0.392857142857143,5.47623002240478,31,31,-0.0681763005627376,-0.0381112371869886,5.78812354312354,0.04,0.028169014084507,0.075,0.384615384615385,0.370136452241716,0.290322580645161,-0.320462551861103,0.0880478345184228,4.57142857142857,1.67253405017921,0.215271665043817,6.69230769230769
0.43,4.74611093462951,-0.0250581693755387,0.19047619047619,0.186023255813953,0.386645454545455,-0.034286972764747,0.409090909090909,0.39622641509434,5.53312121212121,31,31,-0.0583550383961514,-0.0330969584377655,5.84090909090909,0.0405027027027027,0.0285714285714286,0.0757575757575758,0.388888888888889,0.375,0.293103448275862,-0.314571483015637,0.0895522388059701,4.6153021978022,1.69301894918174,0.217391304347826,6.73333333333333
0.44,4.79716921566817,-0.0198767756177303,0.192307692307692,0.1875,0.388888888888889,-0.027662659044375,0.411764705882353,0.397337548296452,5.5608636977058,31,32,-0.0496491708046283,-0.0260893598806553,5.93,0.0410958904109589,0.0285714285714286,0.0769230769230769,0.4,0.375,0.295774647887324,-0.308992801071494,0.0909090909090909,4.66666666666667,1.7082183908046,0.22,6.77777777777778
0.45,4.85194677156714,-0.0153850767237298,0.195372443648306,0.189189189189189,0.392156862745098,-0.0242607227347295,0.411764705882353,0.4,5.59513720742534,32,32,-0.0381860336268222,-0.0206753005519042,5.96948798328109,0.0416666666666667,0.0289855072463768,0.0779220779220779,0.4,0.384615384615385,0.3,-0.304280498968087,0.0921052631578947,4.72727272727273,1.71728260869565,0.222222222222222,6.8328431372549
0.46,4.89958508742134,-0.00986156248144615,0.197183098591549,0.191454472199839,0.395833333333333,-0.0188377493288335,0.416666666666667,0.402777777777778,5.6516974789916,32,32,-0.0254483853447469,-0.0155028121518032,6.03222570532915,0.0422535211267606,0.0294117647058824,0.0789473684210526,0.4,0.384615384615385,0.301369863013699,-0.29998699800353,0.0933333333333333,4.76823529411765,1.73147602339181,0.223880597014925,6.85714285714286
0.47,4.96098388720116,-0.00454740624323299,0.197913232600733,0.192976114986261,0.4,-0.0136221610727785,0.416666666666667,0.40505424954792,5.70170175438597,32,32,-0.0181725034062255,-0.0102452713804019,6.07137873754153,0.0428571428571429,0.0298507462686567,0.0793650793650794,0.4,0.4,0.303030303030303,-0.296243944234553,0.0941066176470588,4.82048701298701,1.74587876447876,0.225806451612903,6.89966666666667
0.48,5.13549024602713,0.00212409803588863,0.2,0.195856777493606,0.4,-0.00896534832483327,0.421052631578947,0.40625,5.73756038647343,32,33,-0.011182305992444,-0.00423363322208433,6.129,0.0434782608695652,0.0307692307692308,0.0806451612903226,0.409090909090909,0.4,0.304347826086957,-0.290688590170486,0.0952380952380952,4.87670995670996,1.75716129032258,0.227272727272727,6.92857142857143
0.49,5.23990964341674,0.00744250173382352,0.202247191011236,0.197183098591549,0.4,-0.00403302026033009,0.428571428571429,0.408163265306122,5.76542483660131,33,33,0.000941624025651283,0.00541607434040394,6.2,0.0447728026533997,0.0307692307692308,0.0810810810810811,0.411764705882353,0.4,0.306666666666667,-0.283673300311339,0.0958904109589041,4.91510869565217,1.77259247648903,0.229508196721311,6.94117647058824
0.5,5.30367998659449,0.0146186786836342,0.203389830508475,0.2,0.403846153846154,0.00132778728872875,0.428571428571429,0.41025641025641,5.78331415420023,33,33,0.00732247591289125,0.0112882798599689,6.2469512195122,0.0448599698138521,0.0317460317460317,0.0819672131147541,0.416666666666667,0.4,0.308823529411765,-0.27687647456833,0.0969982078853047,4.95174418604651,1.78308673469388,0.230769230769231,7
0.51,5.34446992616791,0.0217403973761446,0.205887021475257,0.2,0.404255319148936,0.00540363281880972,0.428571428571429,0.4125,5.8245766590389,33,33,0.0169928640205736,0.0172595785278604,6.29508569299553,0.0461538461538462,0.032258064516129,0.0833333333333333,0.416666666666667,0.4,0.309860563380282,-0.271701144288008,0.0980392156862745,5,1.79654513888889,0.233333333333333,7.05269349845201
0.52,5.39587574379119,0.0278406828319499,0.208333333333333,0.202702702702703,0.406779661016949,0.010543675887962,0.4375,0.413974225008708,5.85714285714286,33,34,0.027825124123136,0.0232243238674088,6.34296052631579,0.0463398926654741,0.0327868852459016,0.083855421686747,0.416666666666667,0.411764705882353,0.3125,-0.267243036256429,0.0986819683533298,5.02547368421053,1.81331334332834,0.235294117647059,7.08025641025641
0.53,5.4897435431034,0.033425919455131,0.210526315789474,0.203703703703704,0.409090909090909,0.0160133076609221,0.4375,0.416666666666667,5.89588141025641,34,34,0.035713348028575,0.0286860695998233,6.4,0.0468805147058824,0.0333333333333333,0.0845142038672714,0.416798245614036,0.416666666666667,0.314301587301587,-0.260151430564548,0.101271326362135,5.05354234234234,1.82925263157895,0.23685548617306,7.11786764705882
0.54,5.54062441235146,0.0366712893565258,0.212121212121212,0.206349206349206,0.411764705882353,0.0226641358260067,0.444444444444444,0.417910447761194,5.93638879843699,34,34,0.0471160784178898,0.034887211755541,6.4424,0.0476190476190476,0.0338983050847458,0.0857142857142857,0.428571428571429,0.416666666666667,0.317460317460317,-0.256417232735118,0.10232339089482,5.07736842105263,1.8409679144385,0.240861222668452,7.15384615384615
0.55,5.62473468185122,0.0423453716664987,0.213333333333333,0.209302325581395,0.413793103448276,0.0274819480683275,0.444444444444444,0.419374751095181,5.97005072463768,35,34,0.0564252137797483,0.0393335078209547,6.5,0.0483870967741935,0.0344827586206897,0.0869565217391304,0.428571428571429,0.428571428571429,0.32,-0.25272011329083,0.103448275862069,5.11764705882353,1.85308691756272,0.242857142857143,7.19095238095238
0.56,5.69592075530297,0.0480690771669123,0.215384615384615,0.210526315789474,0.416666666666667,0.0321127459030261,0.45,0.42140773620799,6.01383326988961,35,35,0.063799120252492,0.0459317548359919,6.5432049689441,0.0491803278688525,0.0357142857142857,0.087719298245614,0.428571428571429,0.428571428571429,0.32258064516129,-0.247338162489356,0.10499388004896,5.16353741496599,1.86599713055954,0.245614035087719,7.23076923076923
0.57,5.76035128983762,0.0538450317516823,0.217391304347826,0.212121212121212,0.418211416490486,0.0355650322594916,0.454545454545455,0.423122555410691,6.05087787918296,35,35,0.0736490434342919,0.0516179170342852,6.61290322580645,0.05,0.0365853658536585,0.0882613551749814,0.4375,0.428571428571429,0.324348894348894,-0.241862027318932,0.106382978723404,5.20599744245524,1.875,0.25,7.25
0.58,5.84322610606961,0.058463875140528,0.219178082191781,0.214285714285714,0.421052631578947,0.0418591968550906,0.461538461538462,0.426229508196721,6.07842333654773,35,35,0.079824753912403,0.0550558361067614,6.67290322580645,0.0506329113924051,0.0379746835443038,0.0895522388059701,0.4375,0.444444444444444,0.327868852459016,-0.235812355390178,0.108296971670466,5.25714285714286,1.88888888888889,0.252747252747253,7.30769230769231
0.59,5.94330288053435,0.064444167254964,0.220941248470012,0.216216216216216,0.422222222222222,0.0481021356848163,0.466666666666667,0.428571428571429,6.12165128543177,36,36,0.0857359248120783,0.0618518408240108,6.76042352941176,0.0508865710560625,0.038961038961039,0.0909090909090909,0.444444444444444,0.444444444444444,0.328571428571429,-0.232265565080647,0.109604076177748,5.27971111111111,1.89755304878049,0.253968253968254,7.33333333333333
0.6,6.01155164917194,0.0696270320956687,0.222222222222222,0.218307210031348,0.425531914893617,0.0554269880360213,0.466666666666667,0.428571428571429,6.15152542372881,36,36,0.0968741149475963,0.0689101643304876,6.81722488038278,0.051948051948052,0.0394736842105263,0.0916267942583731,0.45,0.454545454545455,0.333333333333333,-0.226990924178718,0.111111111111111,5.32428571428571,1.90901185770751,0.256988416988417,7.38461538461539
0.61,6.09179215354582,0.0763732557045848,0.224137931034483,0.22,0.426256027000964,0.0617536930203718,0.466666666666667,0.431395252837977,6.18524338624339,36,36,0.111843216256677,0.0727597982769848,6.88888888888889,0.0527087719298246,0.0405405405405405,0.0923076923076923,0.454545454545455,0.454545454545455,0.333333333333333,-0.222549622706194,0.112701044979555,5.37162790697674,1.91988260869565,0.258104385646974,7.41797619047619
0.62,6.15041967986996,0.0843487268148656,0.225806451612903,0.221673881673882,0.428571428571429,0.0649123530080668,0.470588235294118,0.434782608695652,6.22312865497076,37,36,0.120443088305341,0.0775736941996987,6.96525925925926,0.0540540540540541,0.0410958904109589,0.0933333333333333,0.454545454545455,0.461538461538462,0.337296161389745,-0.218244068941384,0.114285714285714,5.39793939393939,1.93630490956072,0.26027397260274,7.46153846153846
0.63,6.2713111946757,0.0914165849607681,0.227272727272727,0.223549535603715,0.431034482758621,0.0699828270621751,0.473684210526316,0.435897435897436,6.26085012087027,37,37,0.129580274874169,0.0845781445103,7.03348275862069,0.0547945205479452,0.0416666666666667,0.09375,0.461538461538462,0.47312693498452,0.338709677419355,-0.214190619782358,0.115942028985507,5.43181818181818,1.95298263888889,0.262295081967213,7.52941176470588
0.64,6.31888304678881,0.0975440151276944,0.229508196721311,0.225225352112676,0.433962264150943,0.0775483424969769,0.477515527950311,0.4375,6.28852525252525,37,37,0.140702765676975,0.0918275879859861,7.07889230769231,0.0555555555555556,0.0422535211267606,0.0943396226415094,0.461538461538462,0.5,0.342105263157895,-0.209863463447074,0.117647058823529,5.47561904761905,1.96745454545455,0.264705882352941,7.56
0.65,6.38255376555638,0.102264159123555,0.230909943714822,0.227272727272727,0.434782608695652,0.0835424241126443,0.5,0.439079822616408,6.31283154121864,38,37,0.154571291517338,0.0980447941514196,7.13733766233766,0.0563380281690141,0.0428571428571429,0.0952380952380952,0.466666666666667,0.5,0.344262295081967,-0.204591647115188,0.119402985074627,5.52380952380952,1.97538793103448,0.267643360160966,7.6
0.66,6.46623099733022,0.10958592569213,0.233766233766234,0.230769230769231,0.4375,0.0866222391312643,0.5,0.440609362389023,6.35392405063291,38,37,0.163210101965999,0.103126719299636,7.2,0.0571428571428571,0.0434782608695652,0.0958904109589041,0.466666666666667,0.5,0.346666666666667,-0.198908072831376,0.122685284640172,5.55733769776323,1.98978181818182,0.27027027027027,7.64064935064935
0.67,6.58213672331454,0.114533198444975,0.236111111111111,0.232142857142857,0.440115254237288,0.0923310485415847,0.5,0.442857142857143,6.38142303433001,38,38,0.174455250976271,0.108712061297673,7.26470588235294,0.0579710144927536,0.0441732026143791,0.0972222222222222,0.470588235294118,0.5,0.34834354783793,-0.193242611012253,0.123480371757525,5.63252024291498,2.0091430976431,0.273809523809524,7.66666666666667
0.68,6.69484027716838,0.118820911428566,0.238095238095238,0.235849673202614,0.442307692307692,0.09701413279992,0.5,0.446340659340659,6.42028985507246,38,38,0.187125546183159,0.114866239944773,7.3066220735786,0.0588235294117647,0.0454545454545455,0.0983606557377049,0.5,0.5,0.351351351351351,-0.186813582583866,0.126075949367089,5.66866666666667,2.01909157509158,0.276170598911071,7.704
0.69,6.7929333176171,0.124868316919101,0.239464495305164,0.2375,0.444444444444444,0.102552150339866,0.5,0.449275362318841,6.47117647058824,39,38,0.197375185433147,0.122958626603184,7.39180500658762,0.06,0.0461538461538462,0.0985915492957746,0.5,0.5,0.354838709677419,-0.180509396394243,0.127490613266583,5.70731092436975,2.02974410774411,0.277911392405063,7.76243697478992
0.7,6.83614572617774,0.129511567643173,0.242424242424242,0.241379310344828,0.44669452887538,0.106994864647597,0.5,0.451147776183644,6.53945378151261,39,39,0.211081526903299,0.129810348017066,7.45719696969697,0.0612244897959184,0.046875,0.1,0.5,0.5,0.357142857142857,-0.174178296610067,0.129297912713473,5.74072759538598,2.03876728110599,0.281144662921348,7.8125
0.71,6.88622924542027,0.134626184422934,0.245283018867925,0.243589743589744,0.449275362318841,0.116416854394529,0.5,0.4524335839599,6.58436274509804,39,39,0.225554522765546,0.133663244349063,7.51919484702093,0.0617283950617284,0.0476190476190476,0.10126582278481,0.5,0.5,0.359411867977528,-0.166055462645459,0.130952380952381,5.8,2.0540990990991,0.283818818818819,7.86666666666667
0.72,6.96704665958789,0.143386582596832,0.246376811594203,0.245901639344262,0.452704402515723,0.121197274679007,0.5,0.454545454545455,6.6157385620915,40,39,0.237542762310312,0.14096563916227,7.59402597402597,0.0625,0.0481927710843374,0.1016261360845,0.5,0.5,0.36254817646122,-0.163199003868946,0.132352941176471,5.84887211740042,2.06340436456996,0.286896551724138,7.92307692307692
0.73,7.0216386159952,0.14750537461871,0.25,0.25,0.455739017125838,0.12668033184457,0.522215320910973,0.457674086175209,6.66029677419355,40,40,0.247587884731229,0.146840559323007,7.65679487179487,0.0634920634920635,0.0488724510195922,0.102941176470588,0.5,0.5,0.366666666666667,-0.158288038615094,0.134615384615385,5.89130434782609,2.07792495309568,0.28922954977806,8
0.74,7.1149994100935,0.157379861774683,0.25,0.25,0.457627118644068,0.133000989439437,0.526315789473684,0.460175150519978,6.70270055970149,40,40,0.253149324608546,0.152602315340646,7.78365079365079,0.0645161290322581,0.05,0.104477611940299,0.5,0.533333333333333,0.369478260869565,-0.152523715517512,0.136824408468244,5.94415873015873,2.0875,0.291079401611047,8.06154411764706
0.75,7.16789248252796,0.164267353766146,0.253333333333333,0.253731343283582,0.460622710622711,0.138286809394416,0.529411764705882,0.462546641791045,6.75682382133995,41,40,0.266926849140866,0.160631257316912,7.87197580645161,0.0655737704918033,0.0509561060408518,0.105263157894737,0.5,0.538461538461538,0.373493975903614,-0.14542367369582,0.138888888888889,5.97751937984496,2.10416666666667,0.294117647058824,8.09318181818182
0.76,7.25532491434364,0.172678388843944,0.255054021608643,0.256410256410256,0.463306233062331,0.142559433552209,0.529411764705882,0.464788732394366,6.79925,41,41,0.277632068927035,0.165087182410991,7.96665,0.0666666666666667,0.0526315789473684,0.107142857142857,0.526315789473684,0.545454545454545,0.377049180327869,-0.138878864615013,0.142857142857143,6.02177777777778,2.11884711779449,0.296875,8.14285714285714
0.77,7.35858174090495,0.177747622217289,0.25725974025974,0.258620689655172,0.465827586206897,0.14849507834595,0.533333333333333,0.467532467532468,6.8368,41,41,0.289923686463889,0.172243044328774,8.04523913043478,0.0677966101694915,0.0535714285714286,0.109090909090909,0.529411764705882,0.555555555555556,0.380952380952381,-0.134893002958319,0.142857142857143,6.06794642857143,2.12784149184149,0.3,8.2
0.78,7.40919473715874,0.184417797310849,0.25974025974026,0.261391304347826,0.469387755102041,0.15373439687881,0.533333333333333,0.46969696969697,6.89393939393939,42,41,0.302217268586631,0.177951043429075,8.13410105757932,0.0689655172413793,0.0547945205479452,0.10958904109589,0.533333333333333,0.555555555555556,0.382352941176471,-0.128569637246472,0.145454545454545,6.1286517783292,2.13429945054945,0.304226747385801,8.25
0.79,7.46020623122724,0.191370404509516,0.261063545150502,0.263888888888889,0.471698113207547,0.159477438875551,0.538461538461538,0.471428571428571,6.94104051172708,42,41.29,0.313475159319719,0.183199691322728,8.25,0.0704225352112676,0.0563380281690141,0.111111111111111,0.533333333333333,0.571428571428571,0.384847756410256,-0.119462597427389,0.147540983606557,6.17898395721925,2.14716714285714,0.307692307692308,8.31345394736842
0.8,7.56745852368357,0.197704569590425,0.264638269100744,0.266666666666667,0.473684210526316,0.165304899064018,0.541666666666667,0.472972972972973,6.99770114942529,43,42,0.322944755900125,0.18908918549356,8.35310173697271,0.0714285714285714,0.0566037735849057,0.111111111111111,0.538461538461538,0.571428571428571,0.388059701492537,-0.113908091557023,0.149390976153714,6.23314285714286,2.1622,0.309859154929577,8.4
0.81,7.61674759059662,0.204802284937838,0.266666666666667,0.271186440677966,0.476190476190476,0.172089305093297,0.55,0.476190476190476,7.05129025923017,43,42,0.335714452496235,0.202014963189822,8.44137777777778,0.072463768115942,0.0574712643678161,0.112903225806452,0.538461538461538,0.588235294117647,0.390625,-0.102779990724794,0.151515151515152,6.31174924924925,2.17344540942928,0.314056478405316,8.5
0.82,7.66842106338809,0.212756747620121,0.26984126984127,0.274193548387097,0.479166666666667,0.179055808067685,0.555555555555556,0.47887323943662,7.11403686635945,44,43,0.350649954721188,0.21357294469333,8.55642857142858,0.0735294117647059,0.0588235294117647,0.114285714285714,0.545454545454545,0.6,0.393939393939394,-0.0955271553894402,0.153846153846154,6.37654761904762,2.1875,0.3199,8.54918181818182
0.83,7.72650216996274,0.219958229861787,0.273084415584416,0.279605882352941,0.481481481481481,0.186667508119347,0.5625,0.482346059113301,7.20378605769231,44,43,0.358476366027495,0.220990429461377,8.68756097560976,0.0747500000000001,0.0597014925373134,0.114816280384398,0.551833333333334,0.6,0.396333767078725,-0.0873005564820425,0.156955182072829,6.42567857142857,2.2,0.323076923076923,8.61538461538461
0.84,7.78318353951727,0.227358911870979,0.276870703764321,0.283333333333333,0.482758620689655,0.199778160162831,0.5625,0.486047619047619,7.25366766169154,44,44,0.371600521058824,0.234727142058741,8.77888844462215,0.0757575757575758,0.0612244897959184,0.116225143242332,0.555555555555556,0.6,0.4,-0.0780648851589113,0.159907246376812,6.47846956521739,2.21216666666667,0.327272727272727,8.66666666666667
0.85,7.88626470956892,0.237707119502747,0.280170731707317,0.286339285714286,0.48936170212766,0.208568337813702,0.571428571428571,0.489653733833959,7.32090322580645,45,44,0.390576985853555,0.241204403833618,8.91990740740741,0.0769230769230769,0.0634920634920635,0.117647058823529,0.5625,0.625,0.40362685560054,-0.070249175712023,0.161764705882353,6.56574440052701,2.23333333333333,0.329502262443439,8.73456140350877
0.86,8.02498955510765,0.246464057905482,0.285714285714286,0.290909090909091,0.491228070175439,0.21667880379283,0.571428571428571,0.492063492063492,7.37123784261715,45,45,0.408346640620937,0.250769659194609,9,0.078125,0.0645161290322581,0.119353233830846,0.571428571428571,0.636363636363636,0.40812567132116,-0.0631543580001644,0.164179104477612,6.65108071135431,2.25,0.333333333333333,8.798
0.87,8.16795574877441,0.254004925365226,0.285714285714286,0.295967657798644,0.5,0.231448187049901,0.571428571428571,0.493506493506494,7.46548356807512,46,45,0.42362197686954,0.266521139858363,9.11302325581395,0.0793650793650794,0.0657894736842105,0.121621621621622,0.571428571428571,0.666666666666667,0.412826086956522,-0.0532965654702972,0.169014084507042,6.72930405405405,2.26388356973995,0.338983050847458,8.85714285714286
0.88,8.27772329249825,0.263077077047436,0.289855072463768,0.299844155844156,0.5,0.241511195289769,0.583333333333333,0.5,7.52741906741907,46.8800000000001,45,0.440110047229329,0.275059242522692,9.23847272727273,0.0806451612903226,0.0666666666666667,0.123436495856587,0.583333333333333,0.666666666666667,0.416666666666667,-0.0452917342366325,0.171875,6.79021739130435,2.28087804878049,0.343283582089552,8.92791208791209
0.89,8.38198872566235,0.275290112053677,0.294117647058824,0.302057920140412,0.507121861604409,0.248918997611155,0.588235294117647,0.506849315068493,7.58591745283019,47,46,0.451934921958915,0.298147313682291,9.35714285714286,0.0821917808219178,0.0691522988505748,0.125,0.585245098039216,0.666666666666667,0.421052631578947,-0.0383003865089957,0.175985691573927,6.90719395866455,2.3,0.345864197530864,9
0.9,8.63382611559999,0.282469261509267,0.297297297297297,0.306645161290323,0.508742194469224,0.263098282135789,0.6,0.509367759020192,7.6520358868185,48,47,0.471275601128388,0.307318748825083,9.47205882352941,0.0833333333333333,0.0714285714285714,0.127620889748549,0.6,0.666666666666667,0.428361344537815,-0.0295650111819499,0.180327868852459,7.03629807692308,2.325,0.349206349206349,9.09090909090909
0.91,8.79525946586097,0.293028391295142,0.301587301587302,0.3125,0.511044037605146,0.275672640302008,0.6,0.515151515151515,7.77566308243728,49,47,0.492853402115746,0.323045946849155,9.60606060606061,0.0845070422535211,0.0740740740740741,0.129187855787476,0.6,0.7,0.432235568902236,-0.0159096956086229,0.183333333333333,7.15026936026936,2.34285714285714,0.355632660418169,9.2
0.92,8.96370132420435,0.305787455287746,0.306577777777778,0.318181818181818,0.517807881773399,0.289235802517897,0.615384615384615,0.521080455334748,7.88703570258762,50,48,0.50584859142458,0.339195865515716,9.79149122807017,0.0857142857142857,0.0759340237821251,0.132035749751738,0.615384615384615,0.725714285714287,0.438564951705105,-0.00638027837401691,0.189617893755825,7.3448275862069,2.35765898617512,0.362068965517241,9.34932126696833
0.93,9.2185192623739,0.318456366131138,0.314622309197652,0.327407523510972,0.523809523809524,0.302071786151347,0.625,0.526315789473684,8.03505374121538,50,49,0.52710904513303,0.352474056872568,10.0663392857143,0.087719298245614,0.0797409090909091,0.135135135135135,0.625,0.75,0.44509009009009,0.00232999068442658,0.194208126036484,7.5429484029484,2.39282850609756,0.368690476190476,9.47807692307693
0.94,9.57247996689547,0.333560306561653,0.319408212560386,0.333333333333333,0.530593692022263,0.314213269802477,0.636363636363636,0.532467532467532,8.13093350383632,51,50,0.558845555806282,0.375981776016973,10.2782,0.0909090909090909,0.0833333333333333,0.136948941469489,0.642857142857143,0.786315789473685,0.450963822148578,0.0189550247451308,0.2,7.66666666666667,2.42309941520468,0.377049180327869,9.61446153846154
0.95,11.0325578656697,0.348690011649271,0.327540983606557,0.341922051965356,0.535714285714286,0.336876227058137,0.647058823529412,0.539010989010989,8.29562841530055,52,51,0.600084719025368,0.398812480307591,10.5332236842105,0.0943396226415094,0.085935960591133,0.144927536231884,0.655882352941177,0.833333333333333,0.458333333333333,0.0365412616889452,0.206896551724138,7.90244186046512,2.46282608695652,0.384615384615385,9.70966386554622
0.96,12.6010916019566,0.369077395085583,0.333333333333333,0.351831831831832,0.542837772397094,0.354570263304111,0.666666666666667,0.546866666666667,8.50695652173913,53,52,0.630590593181391,0.42607750652903,10.7994285714286,0.0967586474931986,0.0909090909090909,0.147521697203472,0.666666666666667,1,0.468723404255319,0.0549297960663479,0.216571428571429,8.143542039356,2.5,0.396814449917898,9.93314285714286
0.97,17.1882423906757,0.393817974417583,0.344303934871099,0.36231884057971,0.555555555555556,0.37037244540721,0.692307692307692,0.56429693961952,8.87137589433132,55,53.47,0.687373841107135,0.469370746841563,11.4682,0.1,0.0967056986729119,0.151695435366321,0.692307692307692,1,0.478260869565217,0.080090155383647,0.224729591836735,8.46791574279379,2.55263157894737,0.409090909090909,10.149
0.98,21.0324616676655,0.42931391173452,0.35525466893039,0.380928270042194,0.571379310344828,0.396316443301712,0.733212121212121,0.576923076923077,9.06812328767123,57,55.98,0.768535393518936,0.510425106211914,11.8397714285714,0.106654545454545,0.106044657097289,0.159420289855072,0.727272727272727,1,0.486471042471043,0.119540996731888,0.233333333333333,9.17043010752688,2.59722580645161,0.428484848484849,10.4542045454545
0.99,24.9469728008413,0.486979648271668,0.377538984406238,0.405645161290323,0.607187399549984,0.445462773146284,0.785714285714286,0.59375,9.94939393939394,59.49,61,0.818044865023124,0.576843244666017,13.449,0.115336184366833,0.115942028985507,0.167923076923077,0.8,1,0.517085714285714,0.159154933526357,0.254901960784314,9.77933333333333,2.69060124787294,0.455842105263158,11
